sellIndia,avg,count
"M@[,CROSSOVER-MACD]P@[,SPINNINGTOP,3OUTSIDE,SHORTLINE]",-14.919561430474438,1
"P@[,EVENINGSTAR,2CROWS,LONGLINE]",-11.162517245482537,5
"M@[,ADXR20]P@[,EVENINGSTAR,LONGLINE]",-8.435072142064367,2
"M@[,AROON]P@[,BELTHOLD,ENGULFING,LONGLINE]O@[,CROSSOVER21]",-7.161201696231252,1
"M@[,ADXR40]P@[,HIKKAKE,SHORTLINE]",-5.814627851631692,2
"M@[,ADXR20]P@[,LONGLINE]O@[,CROSSOVER21]",-5.504357727850041,2
"M@[,APO,AROON,CROSSOVER-MACD]P@[,MARUBOZU,BELTHOLD,CLOSINGMARUBOZU,LONGLINE]",-5.318039624608977,1
"M@[,CROSSOVER-MACD]P@[,BELTHOLD,3INSIDE]",-5.068554845939191,2
"M@[,RSI]P@[,MARUBOZU,BELTHOLD,ENGULFING,CLOSINGMARUBOZU,EVENINGSTAR,LONGLINE]",-4.694545133056309,1
"P@[,CLOSINGMARUBOZU,DARKCLOUDCOVER]",-4.682274247491641,1
"M@[,APO]P@[,EVENINGSTAR]",-4.529135597901141,1
"P@[,MARUBOZU,BELTHOLD,ENGULFING,CLOSINGMARUBOZU,EVENINGSTAR,EVENINGDOJISTAR,LONGLINE]",-4.293999553870176,1
"M@[,APO]P@[,BELTHOLD,LONGLINE,UPSIDEGAP2CROWS]",-4.272183784509984,1
"P@[,MARUBOZU,BELTHOLD,CLOSINGMARUBOZU,DARKCLOUDCOVER,HIKKAKE,LONGLINE]",-4.254508509017018,1
"M@[,RSI]P@[,EVENINGSTAR,LONGLINE]",-4.165627338488399,1
"M@[,AROON]P@[,HIKKAKE,LONGLINE]",-4.054592548316391,1
"M@[,ADXR20]P@[,SPINNINGTOP,3OUTSIDE,SHORTLINE]",-3.977006500083804,2
"M@[,RSI]P@[,ENGULFING,CLOSINGMARUBOZU,LONGLINE]",-3.885601152151292,3
"M@[,APO]P@[,SPINNINGTOP,3OUTSIDE]",-3.8523041139700536,1
"M@[,RSI]P@[,MARUBOZU,BELTHOLD,CLOSINGMARUBOZU,EVENINGSTAR,EVENINGDOJISTAR,LONGLINE]",-3.787878787878788,1
"M@[,AROON]P@[,CLOSINGMARUBOZU,3OUTSIDE,LONGLINE]",-3.721888967126095,2
"M@[,CROSSOVER-MACD]P@[,EVENINGSTAR]",-3.715172089227202,3
"M@[,ADXR20]P@[,SPINNINGTOP,3OUTSIDE,HIGHWAVE]",-3.661040145985391,1
"P@[,ENGULFING,CLOSINGMARUBOZU]O@[,CROSSOVER21]",-3.487907723336835,2
"M@[,RSI]P@[,HIKKAKE]",-3.3706849810229493,1
"M@[,CROSSOVER-MACD]P@[,SPINNINGTOP,HIKKAKE]",-3.3143939393939394,1
"P@[,EVENINGSTAR,EVENINGDOJISTAR]O@[,CROSSOVER21]",-3.277310924369753,1
"M@[,RSI]P@[,DARKCLOUDCOVER,LONGLINE]",-3.180503923998343,1
"M@[,ADXR20,APO,AROON]P@[,BELTHOLD,LONGLINE]",-3.1213872832369973,1
"P@[,HIKKAKE,HIKKAKEMOD,SHORTLINE]",-3.1032731038398715,2
"M@[,AROON,CROSSOVER-MACD]P@[,ENGULFING,LONGLINE]",-3.0986383731749982,3
"M@[,AROON]P@[,MARUBOZU,BELTHOLD,ENGULFING,CLOSINGMARUBOZU,HIKKAKE,LONGLINE]",-3.0169389596070983,1
"M@[,APO,AROON]P@[,SPINNINGTOP]",-3.0011683806809724,2
"M@[,CROSSOVER-MACD]P@[,3OUTSIDE,LONGLINE]",-2.999986937938011,23
"M@[,CROSSOVER-MACD]P@[,HARAMI,SPINNINGTOP,HIGHWAVE]",-2.985166872682321,1
"M@[,RSI,CCI]P@[,THRUSTING]",-2.9069767441860463,1
"M@[,AROON,CROSSOVER-MACD]P@[,BELTHOLD,3OUTSIDE]",-2.7592315114220405,4
"M@[,CROSSOVER-MACD]P@[,BELTHOLD,ENGULFING,EVENINGSTAR,LONGLINE]",-2.7519021545900624,1
"M@[,CROSSOVER-MACD]P@[,BELTHOLD,LONGLINE,RISEFALL3METHODS]",-2.6607538802660753,1
"M@[,AROON,CROSSOVER-MACD]P@[,BELTHOLD,EVENINGSTAR,EVENINGDOJISTAR,LONGLINE]",-2.6415470494417863,1
"M@[,APO,CROSSOVER-MACD]P@[,BELTHOLD,DARKCLOUDCOVER,LONGLINE]",-2.6136363636363633,1
"M@[,RSI]P@[,EVENINGSTAR,EVENINGDOJISTAR,LONGLINE]",-2.6039987100935327,1
"M@[,CROSSOVER-MACD]P@[,HIKKAKE,LONGLINE]",-2.5996533795493932,1
"M@[,APO,AROON]P@[,BELTHOLD,ENGULFING,LONGLINE]",-2.5313219125543425,1
"M@[,ADXR20,APO]P@[,CLOSINGMARUBOZU,LONGLINE]",-2.528334786399307,1
"M@[,CROSSOVER-MACD]P@[,BELTHOLD,EVENINGSTAR,EVENINGDOJISTAR,LONGLINE]",-2.518443144238116,1
"M@[,APO,CROSSOVER-MACD]P@[,ENGULFING,LONGLINE]",-2.492627830634839,1
"P@[,BELTHOLD,ENGULFING,3INSIDE,LONGLINE]",-2.49173042579225,2
"M@[,APO]P@[,SPINNINGTOP,3OUTSIDE,HIGHWAVE]",-2.469917669411023,1
"M@[,ADXR40,CROSSOVER-MACD]P@[,3BLACKCROWS,SHORTLINE]",-2.3904382470119487,1
"M@[,ADXR40]P@[,MARUBOZU,BELTHOLD,ENGULFING,CLOSINGMARUBOZU,LONGLINE]",-2.272081794944618,1
"M@[,CROSSOVER-MACD]P@[,BELTHOLD,COUNTERATTACK]",-2.2592152199762254,1
"P@[,SHORTLINE]O@[,CROSSOVER21,CROSSOVER50]",-2.2485335650662663,1
"P@[,BELTHOLD,EVENINGSTAR,LONGLINE,SEPARATINGLINES]",-2.191626280781454,3
"P@[,CLOSINGMARUBOZU,LONGLINE]O@[,CROSSOVER50]",-2.1828018421333413,2
"P@[,MARUBOZU,BELTHOLD,CLOSINGMARUBOZU,LONGLINE]O@[,CROSSOVER21,CROSSOVER50]",-2.0239660967411823,1
"M@[,CROSSOVER-MACD]P@[,BELTHOLD,EVENINGSTAR,LONGLINE]",-2.0093945720250495,1
"P@[,INNECK]",-1.9696570482408027,11
"M@[,RSI]P@[,COUNTERATTACK,LONGLINE]",-1.94701862772629,1
"M@[,CROSSOVER-MACD]P@[,BELTHOLD,3OUTSIDE]V@[,AD:OBV]",-1.8970997218911312,1
"M@[,CROSSOVER-MACD]P@[,ENGULFING,3INSIDE]",-1.8912529550827468,1
"M@[,AROON]P@[,ENGULFING,CLOSINGMARUBOZU,LONGLINE]",-1.8858804220700507,8
"P@[,MARUBOZU,BELTHOLD,CLOSINGMARUBOZU,LONGLINE,SEPARATINGLINES]",-1.875087138228329,6
"M@[,RSI]P@[,BELTHOLD,ENGULFING,LONGLINE,SEPARATINGLINES]",-1.869221944800597,1
"P@[,DARKCLOUDCOVER,SHORTLINE]",-1.8648580597118793,1
"M@[,RSI]P@[,ENGULFING,SPINNINGTOP]",-1.8529076396807298,1
"M@[,APO]P@[,3OUTSIDE,SHORTLINE]",-1.8423468820730915,8
"M@[,APO]P@[,CLOSINGMARUBOZU,3OUTSIDE]",-1.8255578093306402,1
"M@[,APO,AROON]P@[,LONGLINE]O@[,CROSSOVER21]",-1.8249840313897252,1
"M@[,AROON]P@[,BELTHOLD,LONGLINE]V@[,AD:OBV]",-1.8240332011805704,2
"P@[,BELTHOLD,EVENINGSTAR,EVENINGDOJISTAR,2CROWS,LONGLINE]",-1.78248687635624,2
"M@[,APO]P@[,ENGULFING,SPINNINGTOP]",-1.7297227903564278,2
"M@[,APO]P@[,BELTHOLD,ENGULFING,EVENINGSTAR,LONGLINE]",-1.7290160326941213,1
"M@[,RSI]P@[,BELTHOLD,EVENINGSTAR,2CROWS,LONGLINE]",-1.7117964648363213,2
"M@[,ADXR20]P@[,HARAMI,SPINNINGTOP,SHORTLINE]",-1.706150836774611,1
"M@[,APO]P@[,LONGLINE]O@[,CROSSOVER21]",-1.7023015116437425,1
"M@[,CROSSOVER-MACD,RSI]P@[,BELTHOLD,LONGLINE]",-1.6919035324095448,2
"M@[,ADXR40]P@[,SHOOTINGSTAR]",-1.6749660479855215,1
"P@[,BELTHOLD,COUNTERATTACK]",-1.6350717166031505,2
"M@[,APO]P@[,ENGULFING,CLOSINGMARUBOZU,HIKKAKE,LONGLINE]",-1.6129032258064515,1
"M@[,ADXR40,CROSSOVER-MACD,RSI]P@[,BELTHOLD,ENGULFING,LONGLINE]",-1.5956120668162581,1
"P@[,MARUBOZU,BELTHOLD,CLOSINGMARUBOZU,EVENINGSTAR,LONGLINE]",-1.5953667351234413,7
"P@[,BELTHOLD,3INSIDE,LONGLINE,SEPARATINGLINES]",-1.5812097021799132,1
"M@[,CCI]P@[,SHOOTINGSTAR]",-1.5718908922792443,1
"M@[,APO]P@[,BELTHOLD,3OUTSIDE]",-1.561268052195495,5
"M@[,APO,AROON]P@[,ENGULFING]",-1.5432098765432098,1
"M@[,APO,AROON]P@[,BELTHOLD,3OUTSIDE,LONGLINE]",-1.5065913370998152,1
"P@[,ENGULFING,CLOSINGMARUBOZU,LONGLINE]O@[,CROSSOVER21]",-1.4442518775274409,1
"M@[,APO]P@[,ENGULFING,LONGLINE]O@[,CROSSOVER50]",-1.432863415761495,1
"M@[,AROON]P@[,MARUBOZU,BELTHOLD,ENGULFING,CLOSINGMARUBOZU,LONGLINE]",-1.425248872600462,6
"M@[,RSI]P@[,LONGLINE]V@[,AD:OBV]",-1.4244334639632028,1
"M@[,AROON,CROSSOVER-MACD]P@[,MARUBOZU,BELTHOLD,CLOSINGMARUBOZU,LONGLINE]",-1.4171969182408168,8
"M@[,RSI]P@[,BELTHOLD,ENGULFING]V@[,AD:OBV]",-1.3953488372093024,1
"P@[,CLOSINGMARUBOZU,EVENINGDOJISTAR,LONGLINE]",-1.3825485848441401,1
"P@[,ENGULFING]O@[,CROSSOVER21]",-1.3803953797788153,6
"M@[,ADXR20]P@[,HARAMI,SPINNINGTOP]",-1.3725660986062842,2
"P@[,BELTHOLD,ENGULFING,SEPARATINGLINES]",-1.3559322033898276,1
"M@[,AROON,CROSSOVER-MACD]P@[,SPINNINGTOP,HIGHWAVE]O@[,CROSSOVER21]",-1.3435700575815792,1
"M@[,ADXR40,RSI]P@[,BELTHOLD]",-1.3430522872065582,1
"M@[,AROON,CROSSOVER-MACD]P@[,3OUTSIDE]",-1.3389007050301203,4
"P@[,SHOOTINGSTAR,HIKKAKE]",-1.3327494631684043,39
"M@[,ADXR40]P@[,SPINNINGTOP,HIGHWAVE]",-1.3260635433494763,1
"M@[,ADXR20]P@[,CLOSINGMARUBOZU,EVENINGSTAR,EVENINGDOJISTAR]",-1.3167973737005256,1
"M@[,AROON]P@[,BELTHOLD,DARKCLOUDCOVER]",-1.2563667232597584,1
"M@[,ADXR20,AROON]P@[,ENGULFING,LONGLINE]",-1.2515934639007857,1
"M@[,RSI]P@[,BELTHOLD,DARKCLOUDCOVER]",-1.2431284854069728,2
"M@[,APO,CROSSOVER-MACD]P@[,BELTHOLD]",-1.230986219871201,2
"M@[,AROON]P@[,ENGULFING,HIKKAKE,SHORTLINE]",-1.2235329985570624,2
"P@[,BELTHOLD,3INSIDE,LONGLINE]O@[,CROSSOVER21]",-1.2184115523465653,1
"P@[,SPINNINGTOP]O@[,CROSSOVER50]",-1.1931887412432556,3
"M@[,ADXR40,RSI]P@[,ENGULFING,SPINNINGTOP]",-1.18757612667478,1
"P@[,ENGULFING,CLOSINGMARUBOZU,HIKKAKE,LONGLINE]",-1.1856871980556412,7
"M@[,ADXR20]P@[,3INSIDE]",-1.1678131498960276,1
"M@[,APO]P@[,BELTHOLD,DARKCLOUDCOVER,LONGLINE]",-1.157742402315488,1
"P@[,ENGULFING,LONGLINE]O@[,CROSSOVER50]",-1.1511490544419414,4
"M@[,ADXR40]P@[,MARUBOZU,BELTHOLD,ENGULFING,CLOSINGMARUBOZU,LONGLINE]O@[,CROSSOVER50]",-1.143382836115118,1
"M@[,CROSSOVER-MACD]P@[,3INSIDE,LONGLINE]",-1.1426465167710964,1
"P@[,BELTHOLD,3OUTSIDE,LONGLINE]O@[,CROSSOVER21]",-1.1371398722224346,1
"P@[,BELTHOLD]V@[,AD:OBV]",-1.1284443070099424,4
"P@[,LONGLINE]V@[,AD:OBV]",-1.12562920286812,6
"M@[,CROSSOVER-MACD,RSI]P@[,BELTHOLD,ENGULFING,LONGLINE]",-1.101130107215303,1
"M@[,ADXR40,RSI]P@[,SHORTLINE]",-1.0958101377087632,1
"M@[,APO]P@[,BELTHOLD,3INSIDE,LONGLINE]",-1.0851871947911014,1
"P@[,CLOSINGMARUBOZU,3INSIDE,LONGLINE]",-1.0774189756402706,2
"M@[,APO]P@[,HARAMI,SPINNINGTOP,SHORTLINE]",-1.0697032436162819,1
"P@[,3OUTSIDE,SHORTLINE]O@[,CROSSOVER21]",-1.0645392183927362,4
"M@[,AROON]P@[,ENGULFING,CLOSINGMARUBOZU,EVENINGSTAR,EVENINGDOJISTAR,LONGLINE]",-1.0617503546969345,1
"P@[,ENGULFING,SHORTLINE]V@[,AD:OBV]",-1.0584545616286387,2
"M@[,CROSSOVER-MACD]P@[,SPINNINGTOP,HIGHWAVE,HIKKAKE]",-1.047297297297292,1
"P@[,MARUBOZU,BELTHOLD,ENGULFING,CLOSINGMARUBOZU,HIKKAKE,LONGLINE]",-1.0468825571597749,5
"P@[,HARAMI,SPINNINGTOP,HIGHWAVE]",-1.0367094167860402,26
"M@[,AROON]P@[,HARAMI,SPINNINGTOP,HIGHWAVE]",-1.0355029585798743,1
"P@[,BELTHOLD,ENGULFING,EVENINGSTAR,EVENINGDOJISTAR,LONGLINE]",-1.0345578494774477,11
"M@[,CROSSOVER-MACD]P@[,ENGULFING,SHORTLINE]O@[,CROSSOVER50]",-1.022392272470674,1
"M@[,ADXR20,CROSSOVER-MACD]P@[,SPINNINGTOP]",-1.0174418604651163,1
"M@[,RSI]P@[,ENGULFING,LONGLINE]",-1.0073452822781503,18
"M@[,CROSSOVER-MACD]P@[,BELTHOLD,LONGLINE,RISEFALL3METHODS,SEPARATINGLINES]",-0.9967672413793073,1
"M@[,CROSSOVER-MACD]P@[,SPINNINGTOP]O@[,CROSSOVER50]",-0.9910075243163843,1
"M@[,APO]P@[,BELTHOLD,LONGLINE]O@[,CROSSOVER50]",-0.9841874017910257,2
"M@[,RSI]P@[,SHORTLINE]V@[,AD:OBV]",-0.9816474605207048,1
"M@[,APO,CROSSOVER-MACD]P@[,CLOSINGMARUBOZU,LONGLINE]",-0.9759876065065769,1
"M@[,CROSSOVER-MACD]P@[,BELTHOLD,DARKCLOUDCOVER,LONGLINE]",-0.9677978938867061,3
"M@[,CROSSOVER-MACD]P@[,CLOSINGMARUBOZU,3OUTSIDE,LONGLINE]",-0.9625843511877338,4
"P@[,ENGULFING,3INSIDE]",-0.955654607106153,2
"P@[,ENGULFING,CLOSINGMARUBOZU,HIKKAKE]",-0.9394891229176179,2
"P@[,EVENINGSTAR,LONGLINE]",-0.9346710350477911,16
"M@[,AROON,CROSSOVER-MACD]P@[,ENGULFING]",-0.9260649329329121,7
"M@[,CROSSOVER-MACD]P@[,SHOOTINGSTAR]",-0.9211535940524054,16
"M@[,CROSSOVER-MACD]P@[,BELTHOLD,EVENINGSTAR]O@[,CROSSOVER21]",-0.9189366590088649,1
"P@[,ENGULFING,SPINNINGTOP,HIGHWAVE]",-0.9010042646423861,6
"M@[,ADXR20]P@[,MARUBOZU,BELTHOLD,CLOSINGMARUBOZU,LONGLINE]",-0.9003423778636369,7
"M@[,AROON]P@[,BELTHOLD,ENGULFING,3INSIDE]",-0.8985879332477572,1
"M@[,RSI]P@[,ENGULFING,EVENINGSTAR,LONGLINE]",-0.8869179600886835,1
"M@[,CROSSOVER-MACD]P@[,BELTHOLD,3OUTSIDE]",-0.8851179476666321,12
"M@[,ADXR20]P@[,ENGULFING,3INSIDE]",-0.8798460269452815,1
"M@[,AROON]P@[,BELTHOLD,ENGULFING,EVENINGSTAR,LONGLINE]",-0.8787346221441126,1
"P@[,IDENTICAL3CROWS,SHORTLINE]O@[,CROSSOVER21]",-0.8736167734420501,1
"P@[,BELTHOLD,ENGULFING,EVENINGSTAR]",-0.8589251917759317,9
"M@[,AROON]P@[,EVENINGSTAR,EVENINGDOJISTAR]",-0.8540660972892726,1
"M@[,ADXR40]P@[,BELTHOLD,LONGLINE]",-0.8516527797439336,5
"M@[,APO]P@[,3OUTSIDE]",-0.8435145818138463,15
"P@[,HARAMI,SPINNINGTOP,HIGHWAVE,HIKKAKE,SHORTLINE]",-0.8365867261572784,1
"P@[,ENGULFING,3INSIDE,LONGLINE]",-0.8077012333152149,2
"M@[,RSI]P@[,SHOOTINGSTAR,HIKKAKE]",-0.8047054261060689,1
"M@[,CROSSOVER-MACD]P@[,SPINNINGTOP,SHORTLINE,UPSIDEGAP2CROWS]",-0.8022690437601248,1
"M@[,RSI]P@[,2CROWS]",-0.7922976549994177,2
"P@[,ENGULFING,SHORTLINE]O@[,CROSSOVER50]",-0.7775119617224966,1
"M@[,CROSSOVER-MACD,RSI]P@[,SHORTLINE]",-0.7763108951878146,3
"M@[,AROON]P@[,3INSIDE]",-0.7719786530127256,4
"M@[,ADXR20,AROON]P@[,LONGLINE]",-0.7706546787050014,1
"P@[,INNECK,ONNECK]",-0.7575757575757549,1
"M@[,AROON,CROSSOVER-MACD]P@[,LONGLINE]",-0.7546050063679153,12
"M@[,ADXR40]P@[,SPINNINGTOP,HIKKAKE]",-0.7441729851165446,1
"M@[,AROON,CROSSOVER-MACD]P@[,3OUTSIDE,LONGLINE]",-0.7417247594093813,6
"M@[,RSI]P@[,BELTHOLD,ENGULFING,EVENINGSTAR,LONGLINE]",-0.7363022357647222,3
"M@[,AROON]P@[,SHORTLINE]O@[,CROSSOVER21]",-0.7123599190353769,2
"M@[,ADXR40]P@[,SHORTLINE]",-0.7118980247929277,14
"M@[,APO]P@[,BELTHOLD,HIKKAKE,LONGLINE]",-0.7090108245477242,2
"P@[,SPINNINGTOP,SHORTLINE]O@[,CROSSOVER50]",-0.7085916740478233,1
"P@[,EVENINGSTAR,EVENINGDOJISTAR]",-0.7068583838297857,13
"P@[,SPINNINGTOP,3OUTSIDE]O@[,CROSSOVER21]",-0.7067137809187243,1
"M@[,CROSSOVER-MACD]P@[,BELTHOLD,LONGLINE]O@[,CROSSOVER21]",-0.69100881039874,2
"M@[,APO]P@[,MARUBOZU,BELTHOLD,ENGULFING,CLOSINGMARUBOZU,LONGLINE]",-0.6714028007747495,8
"P@[,CLOSINGMARUBOZU,DARKCLOUDCOVER,LONGLINE]V@[,AD:OBV]",-0.6653523903400662,1
"P@[,3OUTSIDE]O@[,CROSSOVER50]",-0.662983425414367,1
"M@[,RSI]P@[,BELTHOLD,ENGULFING,3INSIDE,LONGLINE]",-0.6552884758585769,1
"M@[,CROSSOVER-MACD]P@[,HARAMI,SHORTLINE]",-0.6503662637984138,8
"M@[,AROON]P@[,BELTHOLD,EVENINGSTAR,LONGLINE]O@[,CROSSOVER21]",-0.6480793897252353,1
"P@[,CLOSINGMARUBOZU,HIKKAKE,LONGLINE]",-0.6285477550476408,4
"P@[,MARUBOZU,BELTHOLD,CLOSINGMARUBOZU,HIKKAKE,LONGLINE]",-0.6227551630638551,7
"M@[,APO]P@[,HARAMI,SHORTLINE]O@[,CROSSOVER21]",-0.6211476501462477,2
"P@[,UPSIDEGAP2CROWS]O@[,CROSSOVER21]",-0.6163021868787322,1
"M@[,CROSSOVER-MACD]P@[,ENGULFING]",-0.6150654996012415,60
"M@[,CROSSOVER-MACD,RSI]P@[,ENGULFING,LONGLINE]",-0.6074582372461995,1
"M@[,APO]P@[,3INSIDE]",-0.6035716507995657,1
"M@[,AROON]P@[,CLOSINGMARUBOZU]",-0.5956893665485288,10
"M@[,AROON]P@[,BELTHOLD,LONGLINE]O@[,CROSSOVER21]",-0.5949531337807893,3
"P@[,MARUBOZU,BELTHOLD,CLOSINGMARUBOZU,LONGLINE]O@[,CROSSOVER21]",-0.5867345654483284,9
"P@[,3OUTSIDE]V@[,AD:OBV]",-0.5836575875486427,1
"M@[,CROSSOVER-MACD]P@[,CLOSINGMARUBOZU,DARKCLOUDCOVER,LONGLINE]",-0.582678555663451,1
"M@[,CCI]P@[,INNECK]",-0.5792495386508076,1
"P@[,SHOOTINGSTAR,SHORTLINE]",-0.5767612582999948,11
"P@[,SPINNINGTOP,HIGHWAVE,SHORTLINE]",-0.5693672468752156,12
"M@[,AROON,CROSSOVER-MACD]P@[,BELTHOLD,3OUTSIDE,LONGLINE]",-0.5655983501736687,3
"M@[,RSI]P@[,HARAMI,SPINNINGTOP,SHORTLINE]",-0.5637773079633625,1
"M@[,ADXR20]P@[,SPINNINGTOP,SHORTLINE]",-0.5612704701507792,4
"M@[,CROSSOVER-MACD]P@[,3INSIDE]",-0.5607453929482945,3
"P@[,CLOSINGMARUBOZU,EVENINGSTAR,2CROWS]",-0.550964187327812,1
"P@[,BELTHOLD,ENGULFING,SEPARATINGLINES]O@[,CROSSOVER21]",-0.5221932114882539,1
"M@[,ADXR40]P@[,ENGULFING]",-0.5172172778528451,1
"P@[,BELTHOLD,EVENINGSTAR,LONGLINE]",-0.5103969997715696,31
"M@[,CROSSOVER-MACD]P@[,BELTHOLD,DARKCLOUDCOVER]",-0.5074025462709179,3
"M@[,RSI]P@[,DARKCLOUDCOVER]",-0.5041908306999169,2
"M@[,CROSSOVER-MACD]P@[,BELTHOLD,3OUTSIDE,LONGLINE]",-0.5013512647201743,22
"M@[,AROON,CROSSOVER-MACD]P@[,BELTHOLD,LONGLINE]",-0.49817996037440154,34
"P@[,ADVANCEBLOCK,STALLEDPATTERN]",-0.4974056181785683,1
"M@[,RSI]P@[,EVENINGSTAR]",-0.49674739758780895,2
"M@[,ADXR40,AROON]P@[,LONGLINE]",-0.49435028248586765,1
"M@[,AROON]P@[,EVENINGSTAR,EVENINGDOJISTAR,LONGLINE]",-0.49019607843136215,1
"P@[,MARUBOZU,BELTHOLD,CLOSINGMARUBOZU,2CROWS,LONGLINE]",-0.4869316147511636,1
"M@[,APO,AROON]P@[,BELTHOLD,LONGLINE]",-0.4861390461266886,5
"M@[,APO,CROSSOVER-MACD]P@[,3OUTSIDE,LONGLINE]",-0.47639670853182947,1
"P@[,HANGINGMAN]O@[,CROSSOVER50]",-0.4709277003484246,1
"M@[,CROSSOVER-MACD]P@[,BELTHOLD,3OUTSIDE,LONGLINE]V@[,AD:OBV]",-0.4658135674894279,1
"P@[,COUNTERATTACK]",-0.46580582553306626,9
"P@[,CLOSINGMARUBOZU]V@[,AD:OBV]",-0.4546422101736399,2
"M@[,ADXR40]P@[,CLOSINGMARUBOZU,LONGLINE]",-0.4542097488921781,1
"M@[,APO,AROON]P@[,SHORTLINE]",-0.4484637698925442,2
"P@[,3BLACKCROWS,SHORTLINE]",-0.4478425970535809,3
"P@[,LONGLINE]O@[,CROSSOVER50]",-0.4453659366091156,9
"M@[,ADXR20,RSI]P@[,BELTHOLD]",-0.44041782902080395,2
"P@[,SPINNINGTOP,3INSIDE,HIGHWAVE]",-0.4400229577195462,1
"M@[,ADXR40]P@[,SPINNINGTOP]",-0.43680535617499894,7
"P@[,SPINNINGTOP,SHORTLINE]O@[,CROSSOVER21]",-0.4361051253739964,6
"M@[,CROSSOVER-MACD]P@[,ENGULFING,SHORTLINE]",-0.43533612771166186,27
"P@[,BELTHOLD,HIKKAKE]",-0.4343869116007705,2
"P@[,DARKCLOUDCOVER,LONGLINE]V@[,AD:OBV]",-0.4340164432727989,2
"M@[,RSI]P@[,3INSIDE,LONGLINE]",-0.4310847474899453,2
"M@[,AROON]P@[,SPINNINGTOP,3OUTSIDE,HIGHWAVE]",-0.4288080500935523,2
"M@[,AROON]P@[,CLOSINGMARUBOZU,LONGLINE]",-0.42364466609966833,16
"M@[,APO]P@[,2CROWS,SHORTLINE]",-0.4210787525522813,3
"P@[,CLOSINGMARUBOZU,IDENTICAL3CROWS]",-0.4196255648805718,1
"P@[,SHOOTINGSTAR]",-0.4106342901064475,333
"M@[,ADXR20]P@[,HARAMI,SHORTLINE]",-0.4094352695922261,3
"M@[,ADXR20]P@[,BELTHOLD,3OUTSIDE,LONGLINE]",-0.40764103057103485,5
"P@[,3OUTSIDE,ONNECK]",-0.40530582166542595,1
"M@[,ADXR20,APO]P@[,SHORTLINE]",-0.4002911208151465,1
"M@[,RSI]P@[,BELTHOLD,ENGULFING,EVENINGSTAR,EVENINGDOJISTAR,LONGLINE]",-0.3965260110536076,1
"P@[,3OUTSIDE,LONGLINE]O@[,CROSSOVER21]",-0.3937881395693282,3
"M@[,APO,AROON]P@[,BELTHOLD,ENGULFING,LONGLINE,SEPARATINGLINES]",-0.393179006891681,1
"M@[,APO,AROON]P@[,ENGULFING,SPINNINGTOP]",-0.390414647280557,1
"M@[,AROON]P@[,HIKKAKE,SHORTLINE]",-0.38390827262005933,3
"P@[,CLOSINGMARUBOZU,LONGLINE]O@[,CROSSOVER21]",-0.3807709188794181,8
"P@[,RISEFALL3METHODS]",-0.37501020042360267,2
"P@[,BELTHOLD,EVENINGSTAR,LONGLINE]O@[,CROSSOVER21]",-0.369783412572645,1
"P@[,ENGULFING,EVENINGSTAR,LONGLINE]",-0.36188350265463015,12
"M@[,ADXR20]P@[,HARAMI]",-0.35523076501873174,7
"M@[,CROSSOVER-MACD]P@[,BELTHOLD,EVENINGSTAR,EVENINGDOJISTAR]",-0.35434995112414186,1
"P@[,ENGULFING,CLOSINGMARUBOZU,EVENINGSTAR,EVENINGDOJISTAR,LONGLINE]",-0.35385699385000285,2
"P@[,COUNTERATTACK,LONGLINE]O@[,CROSSOVER21]",-0.35310225553074087,1
"P@[,ENGULFING,EVENINGSTAR,EVENINGDOJISTAR,LONGLINE]",-0.3504173190874984,17
"M@[,RSI]P@[,SPINNINGTOP]",-0.34883992063816577,12
"M@[,CROSSOVER-MACD]P@[,CLOSINGMARUBOZU]O@[,CROSSOVER21]",-0.3412969283276395,1
"M@[,CROSSOVER-MACD]P@[,SHORTLINE]O@[,CROSSOVER21]",-0.33791409706863307,2
"M@[,AROON]P@[,SPINNINGTOP,SHORTLINE]O@[,CROSSOVER21]",-0.3339694656488405,1
"M@[,CROSSOVER-MACD]P@[,MARUBOZU,BELTHOLD,CLOSINGMARUBOZU,LONGLINE,SEPARATINGLINES]",-0.3314550878355983,1
"M@[,RSI]P@[,SHORTLINE]",-0.3280352123866811,40
"M@[,RSI]P@[,CLOSINGMARUBOZU,LONGLINE]",-0.32571662539946805,5
"M@[,RSI]P@[,HARAMI]",-0.32505490348666183,15
"P@[,SPINNINGTOP,HIKKAKE,SHORTLINE]",-0.3241556344719506,20
"M@[,ADXR20]P@[,SPINNINGTOP]",-0.3192415085778299,13
"P@[,BELTHOLD,ENGULFING,EVENINGSTAR,EVENINGDOJISTAR]",-0.3124617625180257,4
"P@[,ENGULFING,LONGLINE]O@[,CROSSOVER21]",-0.3115284615173245,5
"P@[,BELTHOLD,EVENINGSTAR,EVENINGDOJISTAR,LONGLINE]",-0.3105081873001472,20
"P@[,COUNTERATTACK,LONGLINE]",-0.3053320884668051,6
"P@[,BELTHOLD,2CROWS,LONGLINE]",-0.301518008529173,5
"P@[,BELTHOLD]O@[,CROSSOVER50]",-0.3001268511453484,8
"P@[,SHORTLINE]O@[,CROSSOVER21]",-0.2973427367662929,32
"M@[,ADXR40]P@[,3OUTSIDE]",-0.29150016438654386,2
"P@[,ADVANCEBLOCK]",-0.290842635022464,8
"M@[,CROSSOVER-MACD]P@[,SHOOTINGSTAR,HIKKAKE]",-0.28965217095871976,2
"P@[,BELTHOLD]O@[,CROSSOVER21]",-0.28882744218286804,17
"M@[,CROSSOVER-MACD]P@[,COUNTERATTACK]",-0.2872187649593079,1
"M@[,RSI]P@[,ENGULFING,CLOSINGMARUBOZU]",-0.278473962684489,1
"M@[,CROSSOVER-MACD,RSI]P@[,LONGLINE]",-0.2754165910282256,2
"P@[,MARUBOZU,BELTHOLD,CLOSINGMARUBOZU,3OUTSIDE,LONGLINE]",-0.27375885092899327,45
"M@[,AROON,CROSSOVER-MACD,RSI]P@[,BELTHOLD,LONGLINE]",-0.2723109295704877,1
"M@[,CROSSOVER-MACD]P@[,SPINNINGTOP,HIGHWAVE]",-0.24727139644174811,14
"M@[,AROON]P@[,HANGINGMAN]",-0.24410166185337964,2
"M@[,ADXR20]P@[,BELTHOLD,LONGLINE]",-0.24354001685962165,31
"M@[,CROSSOVER-MACD]P@[,LONGLINE]V@[,AD:OBV]",-0.23228907824926973,3
"M@[,RSI]P@[,BELTHOLD,3OUTSIDE,LONGLINE]",-0.2229080932784753,1
"M@[,AROON,CROSSOVER-MACD]P@[,SPINNINGTOP,HIGHWAVE]",-0.22211158170762085,2
"M@[,ADXR20]P@[,SPINNINGTOP,HIGHWAVE]",-0.218016993792661,6
"M@[,CROSSOVER-MACD]P@[,BELTHOLD,LONGLINE]",-0.21676221091196035,226
"M@[,CROSSOVER-MACD]P@[,EVENINGSTAR,LONGLINE]",-0.21313444659322578,4
"M@[,CROSSOVER-MACD]P@[,CLOSINGMARUBOZU]",-0.2122949919698694,23
"M@[,AROON]P@[,SPINNINGTOP,SHORTLINE]",-0.21055710231635713,9
"M@[,ADXR20]P@[,BELTHOLD]",-0.20684821978755705,17
"M@[,CROSSOVER-MACD]P@[,3OUTSIDE]",-0.20349315607775686,50
"M@[,CROSSOVER-MACD]P@[,DARKCLOUDCOVER]",-0.2034292356873134,1
"M@[,CROSSOVER-MACD]P@[,HIKKAKE]",-0.20254062623472982,13
"M@[,ADXR20]P@[,ENGULFING,SPINNINGTOP]",-0.20021910770275878,1
"M@[,RSI]P@[,BELTHOLD,LONGLINE]",-0.19936201684591087,57
"P@[,HARAMI,SPINNINGTOP,SHORTLINE]",-0.1929301109769688,13
"P@[,BELTHOLD,LONGLINE]O@[,CROSSOVER50]",-0.1905375507246243,19
"P@[,3OUTSIDE]",-0.18828683570441707,353
"M@[,CROSSOVER-MACD]P@[,HARAMI,SPINNINGTOP,SHORTLINE]",-0.18292682926829962,1
"P@[,ENGULFING,LONGLINE]",-0.18132742552173137,586
"M@[,CROSSOVER-MACD]P@[,MARUBOZU,BELTHOLD,CLOSINGMARUBOZU,DARKCLOUDCOVER,LONGLINE]",-0.1778281317220093,3
"M@[,AROON]P@[,SPINNINGTOP,HIGHWAVE]",-0.177495369180157,8
"M@[,APO]P@[,SHORTLINE]",-0.1706568929502745,93
"P@[,BELTHOLD,3OUTSIDE,LONGLINE]",-0.1703332999221288,167
"M@[,APO]P@[,BELTHOLD,ENGULFING,LONGLINE]",-0.16353390831676057,23
"P@[,CLOSINGMARUBOZU,EVENINGSTAR,EVENINGDOJISTAR,LONGLINE]",-0.1633980443650744,6
"M@[,APO]P@[,SHOOTINGSTAR]",-0.1630047203450174,1
"P@[,CLOSINGMARUBOZU,LONGLINE]",-0.1628246656478709,376
"P@[,HIKKAKE,LONGLINE]",-0.1560324939688122,13
"M@[,CROSSOVER-MACD]P@[,3OUTSIDE,SHORTLINE]",-0.15331354480293882,17
"P@[,BELTHOLD,EVENINGSTAR]",-0.15082649732106837,8
"P@[,MARUBOZU,BELTHOLD,ENGULFING,CLOSINGMARUBOZU,LONGLINE]",-0.146217362450603,155
"M@[,AROON]P@[,BELTHOLD,3OUTSIDE,LONGLINE]",-0.142972066869274,17
"M@[,ADXR20]P@[,EVENINGSTAR,EVENINGDOJISTAR]",-0.14207909069382493,1
"P@[,BELTHOLD,DARKCLOUDCOVER,LONGLINE]",-0.1414900833175087,72
"M@[,CROSSOVER-MACD]P@[,ENGULFING,CLOSINGMARUBOZU,LONGLINE]",-0.13808362709620783,11
"M@[,RSI]P@[,CLOSINGMARUBOZU,3INSIDE]",-0.13713658804168952,1
"M@[,CROSSOVER-MACD]P@[,SPINNINGTOP,HIGHWAVE,SHORTLINE]",-0.1330509537464403,2
"P@[,EVENINGSTAR]",-0.12798662584634116,17
"M@[,AROON]P@[,SPINNINGTOP,3OUTSIDE]",-0.12521764082862807,4
"P@[,BELTHOLD,SEPARATINGLINES]",-0.12241009032799612,13
"P@[,BELTHOLD,ENGULFING,LONGLINE]",-0.1215502929691919,683
"M@[,ADXR20,CROSSOVER-MACD]P@[,BELTHOLD,LONGLINE]",-0.12110400123076615,2
"M@[,AROON]P@[,LONGLINE]",-0.12020456172613014,107
"P@[,HANGINGMAN,SHORTLINE]",-0.11590597743785605,20
"P@[,SPINNINGTOP]O@[,CROSSOVER21]",-0.10984783883524141,8
"M@[,ADXR20]P@[,CLOSINGMARUBOZU]",-0.10974153378991762,3
"P@[,EVENINGSTAR,EVENINGDOJISTAR,2CROWS]",-0.10260789997810242,5
"M@[,CROSSOVER-MACD]P@[,CLOSINGMARUBOZU,EVENINGSTAR,EVENINGDOJISTAR,LONGLINE]",-0.10106114199091311,1
"P@[,BELTHOLD,LONGLINE]",-0.09965066801773598,1961
"M@[,AROON]P@[,MARUBOZU,BELTHOLD,CLOSINGMARUBOZU,LONGLINE]",-0.09862870268200878,30
"M@[,APO,CROSSOVER-MACD]P@[,BELTHOLD,3OUTSIDE,LONGLINE]",-0.09756097560975979,1
"M@[,AROON]P@[,BELTHOLD,EVENINGSTAR,SEPARATINGLINES]",-0.09543285616904836,1
"P@[,SHOOTINGSTAR,HIKKAKE,SHORTLINE]",-0.09499926841819643,3
"P@[,BELTHOLD,EVENINGSTAR,EVENINGDOJISTAR,SEPARATINGLINES]",-0.09190237925048272,1
"M@[,AROON]P@[,BELTHOLD]",-0.08995545392811058,93
"P@[,3OUTSIDE]O@[,CROSSOVER21]V@[,AD:OBV]",-0.08933889219774013,1
"M@[,APO,AROON]P@[,ENGULFING,LONGLINE]V@[,AD:OBV]",-0.0766283524904171,1
"M@[,AROON,CROSSOVER-MACD]P@[,BELTHOLD,EVENINGSTAR,EVENINGDOJISTAR]",-0.07660487206986363,1
"M@[,RSI]P@[,HARAMI,SPINNINGTOP]",-0.0743151177159594,7
"P@[,BELTHOLD,ENGULFING]",-0.06867737529625798,191
"P@[,BELTHOLD,HIKKAKE,LONGLINE]",-0.06804190214565373,28
"M@[,APO]P@[,BELTHOLD,LONGLINE]O@[,CROSSOVER21]",-0.06631299734749518,1
"P@[,HARAMI,SPINNINGTOP,HIKKAKE]",-0.06424925189227049,2
"P@[,HARAMI]",-0.06303594914050087,271
"P@[,LONGLINE]",-0.06084034568107943,1806
"M@[,CROSSOVER-MACD]P@[,MARUBOZU,BELTHOLD,CLOSINGMARUBOZU,LONGLINE]",-0.055353706484690825,34
"P@[,ENGULFING,HIKKAKE,SHORTLINE]",-0.05197294453634351,17
"P@[,BELTHOLD,COUNTERATTACK,LONGLINE]",-0.050746335853177636,6
"M@[,APO]P@[,BELTHOLD,LONGLINE]",-0.04897119379450296,62
"M@[,RSI]P@[,BELTHOLD,EVENINGSTAR,EVENINGDOJISTAR,LONGLINE,SEPARATINGLINES]",-0.046246338831519684,1
"M@[,APO,CROSSOVER-MACD]P@[,BELTHOLD,LONGLINE]",-0.043229745998219916,5
"M@[,CROSSOVER-MACD]P@[,BELTHOLD,ENGULFING,LONGLINE]",-0.042761712130550134,54
"M@[,RSI]P@[,BELTHOLD,ENGULFING,LONGLINE]",-0.03745432086585028,23
"M@[,ADXR20]P@[,BELTHOLD]O@[,CROSSOVER50]",-0.0350262697022714,1
"P@[,TASUKIGAP]",-0.034832068350787254,24
"M@[,APO]P@[,LONGLINE]",-0.02958475154697004,53
"P@[,LONGLINE]O@[,CROSSOVER21]",-0.029481647211167538,29
"P@[,ENGULFING,SPINNINGTOP]",-0.029052358594590648,28
"M@[,CROSSOVER-MACD]P@[,3BLACKCROWS]",-0.028848927781534944,1
"P@[,BELTHOLD,LONGLINE]O@[,CROSSOVER21]",-0.024780522962364895,31
"P@[,ENGULFING,HIKKAKE]",-0.023150387213485883,7
"P@[,SHORTLINE]O@[,CROSSOVER50]",-0.01921718565781238,18
"P@[,SHORTLINE]",-0.016141851899158535,3122
"M@[,CROSSOVER-MACD]P@[,BELTHOLD,ENGULFING]",-0.013280970190026624,14
"P@[,HANGINGMAN]",-0.013262628541377358,32
"P@[,3OUTSIDE,LONGLINE]",-0.01177287697374632,145
"P@[,CLOSINGMARUBOZU,3OUTSIDE,LONGLINE]",-0.009687027761093406,35
"M@[,AROON]P@[,SPINNINGTOP]",-0.003689601810123896,39
"P@[,SPINNINGTOP,SHORTLINE]",-0.0027886148141119146,292
"P@[,2CROWS,SHORTLINE]",-0.0019382318036329676,13
"M@[,APO]P@[,HIKKAKE,SHORTLINE]",0.0,1
"M@[,CROSSOVER-MACD]P@[,SHORTLINE]",0.0023775219763383817,212
"P@[,ENGULFING]",0.0029970119001919934,836
"M@[,AROON,CROSSOVER-MACD]P@[,BELTHOLD,ENGULFING,3INSIDE]",0.006701514542280461,1
"M@[,ADXR20]P@[,BELTHOLD,ENGULFING,LONGLINE]",0.007031291574752218,10
"P@[,SPINNINGTOP,UPSIDEGAP2CROWS]",0.010351812114468228,2
"M@[,AROON]P@[,3OUTSIDE,LONGLINE]",0.012051323559801978,16
"P@[,BELTHOLD,ENGULFING,EVENINGSTAR,LONGLINE]",0.012562689008886907,14
"P@[,BELTHOLD,BREAKAWAY,ENGULFING,LONGLINE]",0.021530463244370635,2
"P@[,BELTHOLD,ENGULFING,LONGLINE]V@[,AD:OBV]",0.02280252217186313,3
"P@[,BELTHOLD,3OUTSIDE]",0.024070996471418242,62
"P@[,BELTHOLD,2CROWS]",0.036362944202067676,2
"M@[,CROSSOVER-MACD]P@[,SPINNINGTOP,SHORTLINE]",0.04098558549975777,16
"M@[,AROON]P@[,SHORTLINE]",0.041089946487463974,95
"P@[,3INSIDE,LONGLINE]",0.041504307888960416,21
"P@[,THRUSTING]",0.044366852072757604,19
"M@[,AROON]P@[,BELTHOLD,LONGLINE]",0.044882596273766534,143
"P@[,SPINNINGTOP]",0.047783709086591804,1014
"P@[,EVENINGSTAR,EVENINGDOJISTAR,LONGLINE]",0.04814172933151262,22
"M@[,APO]P@[,HARAMI]",0.04895571786581954,4
"P@[,SPINNINGTOP,2CROWS]",0.05063702760005686,5
"P@[,SHOOTINGSTAR,HIKKAKE]V@[,AD]",0.05271481286242633,1
"M@[,CROSSOVER-MACD]P@[,BELTHOLD]",0.05476402129463893,79
"P@[,3BLACKCROWS]",0.05524861878452725,1
"M@[,AROON]P@[,BELTHOLD,ENGULFING,LONGLINE]",0.05871050148658024,29
"P@[,MARUBOZU,BELTHOLD,CLOSINGMARUBOZU,LONGLINE]",0.062154496060185076,448
"M@[,CROSSOVER-MACD]P@[,HIKKAKE,SHORTLINE]",0.06498512747633356,13
"M@[,ADXR20]P@[,DARKCLOUDCOVER,LONGLINE]",0.06656681644199988,1
"P@[,BELTHOLD,LONGLINE]V@[,AD:OBV]",0.06746135081713137,9
"P@[,SPINNINGTOP,HIGHWAVE]",0.07024516979104163,210
"M@[,CROSSOVER-MACD]P@[,LONGLINE]",0.07365277755593501,196
"M@[,RSI]P@[,LONGLINE]",0.0764953076613709,48
"P@[,DARKCLOUDCOVER,LONGLINE]",0.08160655444760029,45
"M@[,CROSSOVER-MACD]P@[,HARAMI]",0.08244415198052162,15
"M@[,APO]P@[,CLOSINGMARUBOZU,LONGLINE]",0.08858646493589328,20
"P@[,3INSIDE]",0.08883283843691735,39
"P@[,DARKCLOUDCOVER]",0.10025373629282285,34
"P@[,HANGINGMAN,HIKKAKE]",0.10045626988615923,6
"P@[,ENGULFING,SHORTLINE]",0.10239976900883893,438
"P@[,UPSIDEGAP2CROWS]",0.10642769150036774,4
"M@[,CROSSOVER-MACD]P@[,SPINNINGTOP,3OUTSIDE]",0.11176521459526524,7
"M@[,RSI]P@[,SPINNINGTOP,HIGHWAVE]",0.11333741477763493,12
"P@[,MARUBOZU,BELTHOLD,CLOSINGMARUBOZU,EVENINGSTAR,EVENINGDOJISTAR,LONGLINE]",0.11366921321859022,8
"M@[,ADXR20]P@[,ENGULFING,LONGLINE]",0.11701541850220579,2
"P@[,HIKKAKE,SHORTLINE]",0.11933498006947398,123
"P@[,BELTHOLD,3OUTSIDE,LONGLINE]O@[,CROSSOVER50]",0.12061109622084926,1
"M@[,AROON]P@[,3INSIDE,LONGLINE]",0.1233407729355184,1
"M@[,CROSSOVER-MACD]P@[,BELTHOLD,LONGLINE,SEPARATINGLINES]",0.12494502816146849,2
"M@[,APO]P@[,MARUBOZU,BELTHOLD,CLOSINGMARUBOZU,LONGLINE]",0.1251864457961193,18
"M@[,RSI]P@[,BELTHOLD]",0.13828282517691107,22
"P@[,BELTHOLD,ENGULFING,LONGLINE]O@[,CROSSOVER50]",0.13936924713933846,4
"P@[,ENGULFING,CLOSINGMARUBOZU,LONGLINE]",0.13970891456012208,90
"M@[,APO]P@[,SPINNINGTOP]",0.1411175287640541,22
"P@[,3OUTSIDE,SHORTLINE]",0.14200473940571065,233
"P@[,CLOSINGMARUBOZU,3OUTSIDE]",0.14650353245534053,10
"M@[,ADXR20,CROSSOVER-MACD]P@[,SHORTLINE]",0.15084706428406455,1
"M@[,APO,AROON]P@[,SPINNINGTOP,HIGHWAVE]",0.15510746731664082,1
"M@[,ADXR40]P@[,CLOSINGMARUBOZU]",0.15715034049239546,1
"M@[,APO]P@[,HANGINGMAN]",0.15718824070851423,2
"M@[,APO]P@[,HARAMI,SHORTLINE]",0.1578060776776796,3
"M@[,CROSSOVER-MACD]P@[,BELTHOLD,SEPARATINGLINES]",0.16370073274793895,4
"P@[,HARAMI,HIKKAKE]",0.165399728514257,4
"P@[,MARUBOZU,BELTHOLD,CLOSINGMARUBOZU,3INSIDE,LONGLINE]",0.1678801496464335,4
"M@[,APO]P@[,SPINNINGTOP,HIGHWAVE]",0.17084146148477833,3
"P@[,BELTHOLD,DARKCLOUDCOVER]",0.17386923844036772,21
"P@[,MARUBOZU,BELTHOLD,ENGULFING,CLOSINGMARUBOZU,LONGLINE,SEPARATINGLINES]O@[,CROSSOVER21]",0.17415534656913967,1
"M@[,CROSSOVER-MACD]P@[,SPINNINGTOP]",0.1819976356968724,75
"M@[,CROSSOVER-MACD]P@[,MARUBOZU,BELTHOLD,CLOSINGMARUBOZU,3BLACKCROWS,LONGLINE]O@[,CROSSOVER50]",0.19029495718363734,1
"P@[,BELTHOLD,EVENINGSTAR,2CROWS,LONGLINE]",0.1941025007236925,6
"M@[,CROSSOVER-MACD]P@[,HARAMI,SHORTLINE]O@[,CROSSOVER50]",0.19612903225806216,1
"P@[,BELTHOLD,EVENINGSTAR,EVENINGDOJISTAR]",0.2074852062089353,6
"M@[,AROON]P@[,SHORTLINE]O@[,CROSSOVER50]",0.20790020790021085,1
"P@[,BELTHOLD,ENGULFING,EVENINGSTAR,LONGLINE]O@[,CROSSOVER21]",0.21183345507670495,1
"M@[,RSI]P@[,SHOOTINGSTAR]",0.21204410517387615,1
"M@[,CROSSOVER-MACD]P@[,MARUBOZU,BELTHOLD,CLOSINGMARUBOZU,3OUTSIDE,LONGLINE]",0.2253326506515781,8
"M@[,ADXR40]P@[,ENGULFING,SHORTLINE]",0.22721739836078508,1
"P@[,BELTHOLD,LONGLINE]O@[,CROSSOVER21,CROSSOVER50]",0.22899015342340281,1
"P@[,HARAMI,SHORTLINE]",0.2292158643761681,134
"M@[,ADXR40]P@[,ENGULFING,CLOSINGMARUBOZU,LONGLINE]",0.24278606965173768,1
"P@[,HIKKAKE]",0.2438174311584459,163
"P@[,ENGULFING,CLOSINGMARUBOZU,EVENINGSTAR,LONGLINE]",0.24483451911846466,2
"P@[,HARAMI,SPINNINGTOP]",0.24744450616072633,88
"P@[,BELTHOLD]",0.2488223595523826,731
"P@[,BELTHOLD,EVENINGSTAR,2CROWS]",0.2505368647101094,1
"P@[,SPINNINGTOP,3OUTSIDE]",0.25915467682476967,53
"M@[,RSI]P@[,HARAMI,SHORTLINE]",0.2599351753889967,5
"M@[,RSI]P@[,CLOSINGMARUBOZU]",0.26028377953972354,4
"P@[,SPINNINGTOP,3INSIDE]",0.26271511645069195,1
"M@[,ADXR40,CROSSOVER-MACD]P@[,SHORTLINE]",0.2780352177942513,1
"M@[,APO]P@[,3OUTSIDE]O@[,CROSSOVER21]",0.27858156028368364,2
"P@[,EVENINGSTAR,EVENINGDOJISTAR,2CROWS,LONGLINE]",0.2787126138128984,2
"M@[,RSI]P@[,2CROWS,SHORTLINE]",0.27925288408715937,1
"P@[,BELTHOLD,LONGLINE,SEPARATINGLINES]",0.2870287964076195,28
"M@[,RSI]P@[,SPINNINGTOP,SHORTLINE]",0.3024059883991763,2
"P@[,HARAMI,SHORTLINE]V@[,AD:OBV]",0.308826387739099,1
"P@[,DARKCLOUDCOVER,HIKKAKE,LONGLINE]",0.3118908382066321,1
"M@[,ADXR20]P@[,BELTHOLD,EVENINGSTAR,LONGLINE]",0.3144840681184332,1
"M@[,AROON]P@[,LONGLINE]O@[,CROSSOVER21]",0.32831556131413253,2
"M@[,APO]P@[,CLOSINGMARUBOZU]",0.32945203939637563,8
"M@[,CROSSOVER-MACD]P@[,DARKCLOUDCOVER,LONGLINE]",0.33671835435795666,3
"M@[,AROON,CROSSOVER-MACD]P@[,CLOSINGMARUBOZU,LONGLINE]",0.33855281430290735,3
"M@[,AROON]P@[,BELTHOLD,ENGULFING]",0.346296536257165,14
"P@[,SPINNINGTOP,HIGHWAVE]O@[,CROSSOVER21,CROSSOVER50]",0.3469640644361777,1
"M@[,AROON,CROSSOVER-MACD]P@[,LONGLINE]O@[,CROSSOVER21]",0.3471383910607636,2
"M@[,ADXR20]P@[,MARUBOZU,BELTHOLD,CLOSINGMARUBOZU,LONGLINE]O@[,CROSSOVER50]",0.3527336860670119,1
"M@[,APO,CROSSOVER-MACD]P@[,LONGLINE]",0.359557069183338,5
"M@[,CROSSOVER-MACD]P@[,ENGULFING]O@[,CROSSOVER21]",0.3710071486743405,1
"P@[,HIKKAKE,HIKKAKEMOD,LONGLINE]",0.3715865883166224,1
"P@[,ENGULFING,SHORTLINE]O@[,CROSSOVER21]",0.3780887169693751,6
"M@[,CROSSOVER-MACD]P@[,MARUBOZU,BELTHOLD,ENGULFING,CLOSINGMARUBOZU,LONGLINE]",0.384092088966577,14
"M@[,APO]P@[,BELTHOLD,ENGULFING,LONGLINE]V@[,AD:OBV]",0.38945865247306244,1
"M@[,RSI]P@[,ENGULFING]",0.3931874750272047,37
"M@[,AROON]P@[,ENGULFING]",0.39335779595852943,29
"P@[,BELTHOLD,3INSIDE,LONGLINE]",0.40136278729474684,10
"P@[,2CROWS,LONGLINE]",0.4044513961802643,3
"P@[,BELTHOLD,DARKCLOUDCOVER,LONGLINE]O@[,CROSSOVER21]",0.4066418163334424,1
"M@[,ADXR20,CROSSOVER-MACD]P@[,LONGLINE]",0.4100541521895754,1
"P@[,2CROWS]",0.41044802938744585,10
"P@[,CLOSINGMARUBOZU]",0.4119177624599968,177
"P@[,MARUBOZU,BELTHOLD,CLOSINGMARUBOZU,DARKCLOUDCOVER,LONGLINE]",0.4121090488882599,12
"P@[,CLOSINGMARUBOZU]O@[,CROSSOVER21]",0.4139849896046585,3
"M@[,ADXR20]P@[,BELTHOLD,DARKCLOUDCOVER]",0.4145077720207215,1
"M@[,AROON,CROSSOVER-MACD]P@[,CLOSINGMARUBOZU]",0.41854843591597024,4
"P@[,SPINNINGTOP,HIGHWAVE,HIKKAKE]",0.41927512759241664,10
"P@[,ENGULFING,CLOSINGMARUBOZU]",0.4310553948052563,34
"P@[,SHORTLINE,UPSIDEGAP2CROWS]",0.4372947464573867,7
"P@[,ENGULFING]V@[,AD:OBV]",0.43883242333507283,7
"M@[,AROON]P@[,SHOOTINGSTAR]",0.4416094210009702,1
"P@[,MARUBOZU,BELTHOLD,ENGULFING,CLOSINGMARUBOZU,LONGLINE]O@[,CROSSOVER21]",0.44846710565030906,6
"M@[,APO]P@[,MARUBOZU,BELTHOLD,ENGULFING,CLOSINGMARUBOZU,LONGLINE]O@[,CROSSOVER21]",0.4504883799259125,1
"M@[,AROON]P@[,3OUTSIDE]",0.4507802173777627,29
"M@[,AROON]P@[,ENGULFING,LONGLINE]",0.45886457467954556,15
"P@[,3INSIDE,SHORTLINE]",0.4630716880480189,10
"M@[,APO]P@[,ENGULFING]",0.4703221043962541,23
"M@[,CROSSOVER-MACD]P@[,BELTHOLD,EVENINGSTAR,EVENINGDOJISTAR,SEPARATINGLINES]",0.47108967528462176,1
"M@[,ADXR20]P@[,3OUTSIDE,LONGLINE]",0.47467631399742766,2
"M@[,ADXR20]P@[,LONGLINE]",0.4766242928721974,22
"M@[,CROSSOVER-MACD]P@[,BELTHOLD,3INSIDE,LONGLINE]",0.47849212074929803,3
"P@[,ENGULFING,HIKKAKE,LONGLINE]",0.48160113533073357,10
"P@[,EVENINGDOJISTAR,LONGLINE]",0.48678720445061796,1
"M@[,ADXR40]P@[,MARUBOZU,BELTHOLD,CLOSINGMARUBOZU,LONGLINE]",0.4874624907652467,2
"M@[,RSI]P@[,BELTHOLD,ENGULFING,EVENINGDOJISTAR]",0.49689440993789524,1
"P@[,MARUBOZU,BELTHOLD,CLOSINGMARUBOZU,DARKCLOUDCOVER,LONGLINE]O@[,CROSSOVER21]",0.49847242321917073,1
"P@[,ENGULFING,SPINNINGTOP,SHORTLINE]",0.503342108049458,10
"P@[,CLOSINGMARUBOZU,DARKCLOUDCOVER,LONGLINE]",0.5063374825432739,6
"M@[,AROON,CROSSOVER-MACD]P@[,BELTHOLD,ENGULFING,EVENINGSTAR]",0.5122950819672132,1
"M@[,CROSSOVER-MACD]P@[,CLOSINGMARUBOZU,LONGLINE]",0.5228642935176656,33
"P@[,SPINNINGTOP,2CROWS,SHORTLINE]",0.5246948785217188,1
"M@[,AROON]P@[,BELTHOLD,LONGLINE]O@[,CROSSOVER50]",0.5338560050664838,2
"M@[,ADXR20]P@[,SHORTLINE]",0.535562855681315,40
"P@[,BELTHOLD,DARKCLOUDCOVER,HIKKAKE]",0.5530973451327433,1
"P@[,BELTHOLD,ENGULFING,HIKKAKE,LONGLINE]",0.5678441603805482,5
"P@[,HARAMI,HIKKAKE,SHORTLINE]",0.5736491487786867,1
"M@[,CROSSOVER-MACD]P@[,ENGULFING,LONGLINE]",0.5905456913025711,52
"P@[,ONNECK]",0.5984509526897477,5
"M@[,APO]P@[,ENGULFING,LONGLINE]",0.6015172735437796,10
"P@[,HIKKAKE,SHORTLINE]O@[,CROSSOVER50]",0.6055824576547593,2
"M@[,CROSSOVER-MACD]P@[,SPINNINGTOP,HIKKAKE,SHORTLINE]",0.6127233452928006,3
"M@[,AROON,CROSSOVER-MACD]P@[,SHORTLINE]",0.6186021055103055,7
"M@[,CROSSOVER-MACD]P@[,MARUBOZU,BELTHOLD,CLOSINGMARUBOZU,HIKKAKE,LONGLINE]O@[,CROSSOVER21]",0.6195786864931847,1
"P@[,MARUBOZU,BELTHOLD,ENGULFING,CLOSINGMARUBOZU,EVENINGSTAR,LONGLINE]",0.6243531734300956,7
"M@[,AROON,CROSSOVER-MACD]P@[,BELTHOLD,ENGULFING,LONGLINE]",0.6281478412600594,5
"M@[,AROON]P@[,ENGULFING,SHORTLINE]",0.6306447510436861,10
"P@[,BELTHOLD,ENGULFING,LONGLINE]O@[,CROSSOVER21]",0.6392291791862684,10
"M@[,APO]P@[,BELTHOLD]",0.6471152101691716,30
"P@[,SPINNINGTOP,3OUTSIDE,SHORTLINE]",0.66038505091495,14
"M@[,AROON]P@[,ENGULFING,LONGLINE]O@[,CROSSOVER50]",0.663129973474801,1
"M@[,APO,AROON]P@[,LONGLINE]",0.6671168676606705,6
"M@[,CROSSOVER-MACD]P@[,2CROWS,SHORTLINE]",0.6703744165259709,1
"P@[,EVENINGDOJISTAR]",0.6729200652528572,1
"P@[,BELTHOLD,EVENINGDOJISTAR,LONGLINE,SEPARATINGLINES]",0.6756756756756785,1
"M@[,RSI]P@[,BELTHOLD,ENGULFING,HIKKAKE,LONGLINE]",0.6872230762275124,1
"P@[,3INSIDE]V@[,AD:OBV]",0.6935182715390832,1
"M@[,ADXR20,CROSSOVER-MACD]P@[,BELTHOLD,3OUTSIDE]",0.6938708078638768,1
"M@[,ADXR20,AROON]P@[,BELTHOLD,LONGLINE]",0.6955484896661367,1
"M@[,ADXR20]P@[,3OUTSIDE]",0.6989622588800369,7
"P@[,LONGLINE,UPSIDEGAP2CROWS]",0.7075682312021513,3
"P@[,SPINNINGTOP,HIKKAKE]",0.7099719054671634,48
"P@[,SHOOTINGSTAR,ADVANCEBLOCK]",0.7321830192840684,10
"M@[,ADXR20,AROON]P@[,SPINNINGTOP]",0.7371007371007301,1
"M@[,ADXR20]P@[,CLOSINGMARUBOZU,LONGLINE]",0.7722713180995138,4
"P@[,SPINNINGTOP,HIGHWAVE]O@[,CROSSOVER21]",0.7762273021674094,3
"P@[,ENGULFING,LONGLINE]V@[,AD:OBV]",0.7835169885166793,3
"M@[,ADXR40,RSI]P@[,SPINNINGTOP,HIGHWAVE]",0.7997429471094359,2
"M@[,CROSSOVER-MACD]P@[,TASUKIGAP]",0.8044400144973178,2
"M@[,APO]P@[,SPINNINGTOP,SHORTLINE]",0.80633093344566,3
"M@[,CROSSOVER-MACD,RSI]P@[,BELTHOLD,EVENINGSTAR,2CROWS,LONGLINE]",0.8099945085118037,1
"M@[,RSI]P@[,BELTHOLD,ENGULFING]",0.8223464756619553,11
"P@[,CLOSINGMARUBOZU,EVENINGSTAR,EVENINGDOJISTAR]",0.8241321205776897,3
"M@[,CROSSOVER-MACD]P@[,SPINNINGTOP,3OUTSIDE,HIGHWAVE]",0.8253358925143867,1
"M@[,APO,CROSSOVER-MACD]P@[,ENGULFING]",0.8253804488006161,1
"P@[,ENGULFING,EVENINGDOJISTAR]",0.8347387711345637,2
"P@[,ENGULFING,EVENINGSTAR]",0.8374031057471706,13
"P@[,SPINNINGTOP,HIKKAKE]O@[,CROSSOVER50]",0.8396641343462593,1
"M@[,AROON]P@[,BELTHOLD,3OUTSIDE,LONGLINE]O@[,CROSSOVER21]",0.8427324942793575,2
"M@[,RSI]P@[,ADVANCEBLOCK]",0.8488964346349746,1
"P@[,BELTHOLD,ENGULFING,EVENINGSTAR,EVENINGDOJISTAR,LONGLINE]V@[,AD:OBV]",0.8503634618022126,1
"M@[,ADXR20]P@[,MARUBOZU,BELTHOLD,ENGULFING,CLOSINGMARUBOZU,LONGLINE]",0.8584894134404033,2
"M@[,CCI]P@[,HARAMI]",0.8715525074884979,2
"M@[,AROON]P@[,3OUTSIDE,SHORTLINE]",0.8749122613609974,12
"P@[,BELTHOLD]O@[,CROSSOVER21]V@[,AD:OBV]",0.881196144954525,1
"M@[,AROON,CROSSOVER-MACD]P@[,BELTHOLD]",0.8849067297326245,21
"P@[,SPINNINGTOP,3OUTSIDE,HIGHWAVE]",0.8865014089540454,13
"P@[,BELTHOLD,DARKCLOUDCOVER,HIKKAKE,LONGLINE]",0.8868450651345254,2
"M@[,CROSSOVER-MACD]P@[,CLOSINGMARUBOZU,3OUTSIDE]",0.8919722497522262,1
"M@[,APO,CROSSOVER-MACD]P@[,3OUTSIDE]",0.8968250063360951,2
"M@[,RSI]P@[,MARUBOZU,BELTHOLD,ENGULFING,CLOSINGMARUBOZU,EVENINGSTAR,EVENINGDOJISTAR,LONGLINE]",0.8984513535878973,1
"P@[,MARUBOZU,BELTHOLD,ENGULFING,CLOSINGMARUBOZU,LONGLINE]V@[,AD:OBV]",0.9029580940791289,4
"P@[,CLOSINGMARUBOZU,EVENINGSTAR,2CROWS,LONGLINE]O@[,CROSSOVER50]",0.9099466582993518,1
"M@[,RSI]P@[,MARUBOZU,BELTHOLD,ENGULFING,CLOSINGMARUBOZU,LONGLINE]",0.9141928457415635,8
"M@[,APO]P@[,BELTHOLD,EVENINGSTAR,EVENINGDOJISTAR,LONGLINE]",0.9187605981193212,1
"M@[,ADXR20]P@[,3OUTSIDE,SHORTLINE]",0.9212728433393669,3
"P@[,BELTHOLD,ENGULFING,LONGLINE,SEPARATINGLINES]",0.9427263114564061,2
"M@[,CROSSOVER-MACD]P@[,EVENINGSTAR,EVENINGDOJISTAR]",0.977619043351522,4
"M@[,ADXR40,CROSSOVER-MACD]P@[,BELTHOLD,ENGULFING]",1.0000000000000024,1
"M@[,CROSSOVER-MACD]P@[,BELTHOLD,ENGULFING,LONGLINE]V@[,AD:OBV]",1.0049253257070299,1
"M@[,ADXR20]P@[,HANGINGMAN,SHORTLINE]",1.0117582718074896,1
"M@[,RSI]P@[,EVENINGSTAR,EVENINGDOJISTAR]",1.021945406304824,1
"M@[,CROSSOVER-MACD]P@[,BELTHOLD,LONGLINE]V@[,AD:OBV]",1.033356540841502,3
"M@[,ADXR20]P@[,3OUTSIDE,LONGLINE]O@[,CROSSOVER21]",1.0344358241458973,1
"M@[,ADXR20,APO]P@[,ENGULFING,HIKKAKE]",1.046153846153839,1
"M@[,CROSSOVER-MACD]P@[,ADVANCEBLOCK]",1.0945935865995196,2
"P@[,BELTHOLD,ENGULFING,EVENINGDOJISTAR]",1.0969285999202234,1
"P@[,BELTHOLD,ENGULFING]O@[,CROSSOVER21]",1.105889672979416,2
"M@[,AROON]P@[,HARAMI]",1.106949464215402,2
"M@[,APO,CROSSOVER-MACD]P@[,BELTHOLD,EVENINGSTAR]",1.108166706817626,1
"M@[,ADXR20]P@[,ENGULFING]",1.1082350837488102,10
"M@[,AROON]P@[,HARAMI,SHORTLINE]",1.1104663800818912,2
"M@[,APO]P@[,ENGULFING,SPINNINGTOP,SHORTLINE]",1.1157601115760054,1
"M@[,CROSSOVER-MACD]P@[,EVENINGSTAR,2CROWS,LONGLINE]",1.1254019292604434,1
"P@[,HANGINGMAN,HIKKAKE,SHORTLINE]",1.1279318735587536,9
"M@[,CROSSOVER-MACD]P@[,BELTHOLD,HIKKAKE,LONGLINE]",1.1743055730969107,2
"M@[,ADXR20,AROON,CROSSOVER-MACD]P@[,BELTHOLD,LONGLINE]",1.1783439490445824,1
"M@[,AROON]P@[,BELTHOLD,3OUTSIDE]",1.1787835418870123,15
"P@[,CLOSINGMARUBOZU,EVENINGSTAR]",1.1810689341076503,4
"M@[,APO]P@[,ENGULFING,SHORTLINE]",1.1847188490414822,12
"M@[,ADXR20,APO]P@[,ENGULFING]",1.1878712097530515,1
"P@[,ENGULFING,CLOSINGMARUBOZU,LONGLINE]V@[,AD:OBV]",1.1911266182110083,2
"M@[,CROSSOVER-MACD]P@[,BELTHOLD,ENGULFING,LONGLINE,SEPARATINGLINES]",1.1985409067222423,1
"M@[,ADXR40,AROON]P@[,BELTHOLD,LONGLINE]",1.2114918656974731,1
"M@[,ADXR20]P@[,BELTHOLD,LONGLINE]O@[,CROSSOVER21]",1.2116730189430542,1
"M@[,ADXR40]P@[,BELTHOLD,ENGULFING,LONGLINE]",1.2192147589095859,4
"P@[,CLOSINGMARUBOZU,EVENINGSTAR,LONGLINE]",1.2221081428320348,2
"M@[,ADXR20,APO]P@[,LONGLINE]",1.224436628891491,1
"P@[,BELTHOLD,ENGULFING,3INSIDE]",1.230130072460836,1
"P@[,HIKKAKE,HIKKAKEMOD]",1.243492324091621,4
"M@[,APO]P@[,ENGULFING]O@[,CROSSOVER21]",1.2443283388627047,2
"P@[,BELTHOLD,ENGULFING,HIKKAKE,LONGLINE]O@[,CROSSOVER21]V@[,AD:OBV]",1.257861635220126,1
"P@[,ENGULFING,EVENINGSTAR,EVENINGDOJISTAR]",1.2654632041149936,6
"M@[,APO]P@[,ENGULFING,CLOSINGMARUBOZU,LONGLINE]",1.2696327829688956,3
"M@[,CROSSOVER-MACD]P@[,HARAMI,SPINNINGTOP]",1.2991100738858044,2
"M@[,RSI,CROSSOVER-MACD]P@[,HARAMI]",1.3020006351222684,1
"M@[,ADXR40,RSI]P@[,SPINNINGTOP]",1.3067400275103203,1
"M@[,APO]P@[,SPINNINGTOP]V@[,AD:OBV]",1.326195400900364,1
"M@[,ADXR20,APO]P@[,BELTHOLD,LONGLINE]O@[,CROSSOVER21]",1.345615461031332,1
"M@[,APO]P@[,HANGINGMAN,SHORTLINE]",1.38445154419595,1
"P@[,3OUTSIDE]O@[,CROSSOVER21]",1.3897798281580636,8
"M@[,APO]P@[,BELTHOLD,ENGULFING]",1.4125178674313643,4
"P@[,BELTHOLD,EVENINGSTAR,EVENINGDOJISTAR,LONGLINE,SEPARATINGLINES]",1.430131280302008,5
"M@[,CROSSOVER-MACD]P@[,SHORTLINE,UPSIDEGAP2CROWS]",1.454138702460847,1
"M@[,CROSSOVER-MACD]P@[,SPINNINGTOP]V@[,AD]",1.4820396885204665,1
"M@[,AROON]P@[,MARUBOZU,BELTHOLD,CLOSINGMARUBOZU,3OUTSIDE,LONGLINE]",1.4929084507454329,2
"M@[,RSI]P@[,ENGULFING,SHORTLINE]",1.5490871457155087,8
"M@[,RSI]P@[,BELTHOLD,3INSIDE,LONGLINE]",1.566041623737887,1
"M@[,AROON]P@[,HANGINGMAN,HIKKAKE,SHORTLINE]",1.5789473684210564,1
"M@[,AROON]P@[,BELTHOLD,LONGLINE]O@[,CROSSOVER21,CROSSOVER50]",1.5881809787627006,1
"M@[,CROSSOVER-MACD]P@[,LONGLINE]O@[,CROSSOVER21]",1.589160929180184,2
"M@[,AROON]P@[,LONGLINE]V@[,AD:OBV]",1.5921152388172815,1
"P@[,MARUBOZU,BELTHOLD,CLOSINGMARUBOZU,COUNTERATTACK,LONGLINE]",1.6029853584668432,2
"P@[,MARUBOZU,BELTHOLD,CLOSINGMARUBOZU,LONGLINE]O@[,CROSSOVER50]",1.6147635524798056,1
"M@[,AROON]P@[,BELTHOLD,ENGULFING,LONGLINE,SEPARATINGLINES]",1.614868982327845,1
"M@[,AROON,CROSSOVER-MACD]P@[,BELTHOLD,LONGLINE]O@[,CROSSOVER50]",1.6418563922942206,1
"M@[,APO,AROON]P@[,BELTHOLD]",1.6571423563114784,4
"P@[,BELTHOLD,3OUTSIDE]O@[,CROSSOVER21]",1.658206429780026,1
"M@[,CCI]P@[,3OUTSIDE]",1.7052351683076745,1
"M@[,CROSSOVER-MACD]P@[,BELTHOLD]O@[,CROSSOVER21]",1.7104331595546145,1
"P@[,DARKCLOUDCOVER]O@[,CROSSOVER50]",1.7251293847038527,1
"M@[,RSI]P@[,BELTHOLD,EVENINGSTAR,LONGLINE]",1.7395021620141788,3
"P@[,ENGULFING,EVENINGDOJISTAR,LONGLINE]",1.7657577112203922,1
"P@[,MARUBOZU,BELTHOLD,ENGULFING,CLOSINGMARUBOZU,EVENINGDOJISTAR,LONGLINE]",1.7707362534948794,1
"M@[,CROSSOVER-MACD,RSI]P@[,BELTHOLD]",1.7852288173991884,1
"M@[,APO]P@[,HARAMI,SPINNINGTOP]",1.7934964700251301,2
"P@[,HIKKAKE,SHORTLINE]O@[,CROSSOVER21]",1.7972681524083396,1
"P@[,BELTHOLD,3INSIDE]",1.808712675279088,5
"P@[,ENGULFING]O@[,CROSSOVER50]",1.816171030722644,5
"M@[,ADXR20]P@[,BELTHOLD,ENGULFING]",1.8225687905074164,4
"M@[,APO,CROSSOVER-MACD]P@[,SHORTLINE]",1.8338727076591121,1
"M@[,APO]P@[,HIKKAKE]",1.8382774962693207,1
"P@[,XSIDEGAP3METHODS]",1.8613561725016632,11
"P@[,SHORTLINE]V@[,AD:OBV]",1.8661010138782945,5
"M@[,APO]P@[,BELTHOLD,SEPARATINGLINES]",1.8827326519634213,1
"M@[,RSI]P@[,BELTHOLD,LONGLINE,SEPARATINGLINES]",1.8960546991936635,2
"M@[,AROON]P@[,BELTHOLD,LONGLINE,SEPARATINGLINES]",1.9014635970652671,2
"P@[,3OUTSIDE,SHORTLINE]O@[,CROSSOVER50]",1.9183922046285056,1
"M@[,APO]P@[,BELTHOLD,3OUTSIDE,LONGLINE]",1.9339708316558355,5
"P@[,HARAMI,SHORTLINE]O@[,CROSSOVER21]",1.939727875857416,1
"P@[,BELTHOLD,LONGLINE,RISEFALL3METHODS]",1.9430550211619824,1
"M@[,CROSSOVER-MACD]P@[,MARUBOZU,BELTHOLD,CLOSINGMARUBOZU,EVENINGSTAR,EVENINGDOJISTAR,LONGLINE]",2.0014295925661063,1
"M@[,ADXR20]P@[,CLOSINGMARUBOZU,3OUTSIDE,LONGLINE]",2.0159798038541794,2
"M@[,ADXR20,APO]P@[,LONGLINE]O@[,CROSSOVER21]",2.028784827123211,1
"P@[,HARAMI,SHORTLINE]O@[,CROSSOVER50]",2.0447072679982288,2
"M@[,ADXR20,RSI]P@[,SPINNINGTOP]",2.0568574157055757,1
"M@[,RSI]P@[,3OUTSIDE]",2.0604395604395602,1
"M@[,AROON]P@[,BELTHOLD]O@[,CROSSOVER50]",2.063976607987609,2
"M@[,ADXR20,AROON]P@[,SHORTLINE]",2.1113831089351214,1
"M@[,APO]P@[,CLOSINGMARUBOZU,3OUTSIDE,LONGLINE]",2.112436367941281,1
"M@[,ADXR20]P@[,HARAMI,SPINNINGTOP,HIGHWAVE]",2.1136063408190084,1
"M@[,ADXR40]P@[,LONGLINE]",2.115762218275787,2
"M@[,CROSSOVER-MACD]P@[,BELTHOLD,EVENINGSTAR]",2.2711142654364713,1
"P@[,MARUBOZU,BELTHOLD,CLOSINGMARUBOZU,LONGLINE]V@[,AD:OBV]",2.305965673461593,2
"M@[,RSI]P@[,MARUBOZU,BELTHOLD,CLOSINGMARUBOZU,LONGLINE]",2.3358966745368455,6
"M@[,AROON]P@[,HIKKAKE]",2.339331619537281,1
"M@[,RSI]P@[,ENGULFING,EVENINGSTAR]",2.357406707528223,5
"M@[,APO]P@[,SHORTLINE]O@[,CROSSOVER50]",2.407041494521282,1
"M@[,AROON,CROSSOVER-MACD]P@[,BELTHOLD,LONGLINE,SEPARATINGLINES]",2.4665320202327123,1
"P@[,MARUBOZU,BELTHOLD,CLOSINGMARUBOZU,3BLACKCROWS,LONGLINE]",2.473057288712417,1
"M@[,ADXR40]P@[,BELTHOLD,ENGULFING]",2.4926686217008838,1
"P@[,HARAMI]O@[,CROSSOVER21]",2.493820493892915,3
"P@[,BELTHOLD,3OUTSIDE,LONGLINE]V@[,AD:OBV]",2.5006205013651144,1
"M@[,ADXR20,RSI]P@[,BELTHOLD,LONGLINE]",2.512823842607626,1
"M@[,ADXR20]P@[,BELTHOLD]O@[,CROSSOVER21]",2.5277938326590252,1
"M@[,RSI]P@[,EVENINGDOJISTAR]",2.530711235303422,1
"M@[,APO]P@[,ENGULFING,EVENINGSTAR,EVENINGDOJISTAR]",2.564102564102564,1
"M@[,APO]P@[,3OUTSIDE,LONGLINE]",2.567845357389406,4
"P@[,BELTHOLD,EVENINGSTAR]O@[,CROSSOVER21]",2.571091493429896,1
"M@[,ADXR20]P@[,ENGULFING,SHORTLINE]",2.6130191549114583,6
"M@[,ADXR40]P@[,SPINNINGTOP,3OUTSIDE]",2.6641294005708778,1
"P@[,ENGULFING,CLOSINGMARUBOZU,EVENINGSTAR]",2.687747035573127,1
"P@[,CLOSINGMARUBOZU,DARKCLOUDCOVER,HIKKAKE,LONGLINE]",2.6923708944804323,2
"M@[,CROSSOVER-MACD]P@[,HANGINGMAN,SHORTLINE]",2.7006172839506175,1
"M@[,CROSSOVER-MACD]P@[,ENGULFING,SPINNINGTOP]",2.736466389054131,1
"M@[,AROON]P@[,CLOSINGMARUBOZU,3OUTSIDE]",2.7542372881355868,1
"P@[,HANGINGMAN,ENGULFING]",2.875474172247442,1
"M@[,CROSSOVER-MACD]P@[,BELTHOLD,LONGLINE]O@[,CROSSOVER50]",2.902155887230514,1
"M@[,ADXR40,CROSSOVER-MACD]P@[,3OUTSIDE]",2.9036004645760745,1
"M@[,APO]P@[,SPINNINGTOP]O@[,CROSSOVER50]",2.966014418125639,1
"P@[,SPINNINGTOP,HIGHWAVE,HIKKAKE]V@[,AD]",2.9822975918345724,1
"M@[,AROON]P@[,BELTHOLD,ENGULFING,EVENINGSTAR,EVENINGDOJISTAR]",2.9895366218236172,1
"M@[,AROON]P@[,BELTHOLD,HIKKAKE,LONGLINE]",3.0194877938382345,2
"M@[,CROSSOVER-MACD]P@[,SPINNINGTOP,3INSIDE]",3.0490133509671686,2
"M@[,CROSSOVER-MACD]P@[,2CROWS]",3.14434376962411,1
"P@[,HANGINGMAN,ENGULFING,SHORTLINE]",3.149606299212595,1
"M@[,APO,CROSSOVER-MACD]P@[,CLOSINGMARUBOZU]",3.1860970311368613,1
"P@[,CLOSINGMARUBOZU]O@[,CROSSOVER50]",3.233830845771149,1
"M@[,AROON]P@[,SHORTLINE]V@[,AD:OBV]",3.376545070847148,1
"M@[,APO]P@[,BELTHOLD]O@[,CROSSOVER21]",3.4520221660509427,2
"M@[,CROSSOVER-MACD]P@[,ENGULFING,CLOSINGMARUBOZU]",3.4573705636144823,1
"P@[,CLOSINGMARUBOZU,3INSIDE]",3.481389074240622,1
"M@[,AROON,CROSSOVER-MACD]P@[,MARUBOZU,BELTHOLD,CLOSINGMARUBOZU,3OUTSIDE,LONGLINE]",3.4977578475336375,1
"P@[,ENGULFING,EVENINGSTAR,LONGLINE]O@[,CROSSOVER50]",3.582089552238802,1
"M@[,ADXR40,RSI]P@[,BELTHOLD,ENGULFING,LONGLINE]",3.634957463263719,1
"P@[,3INSIDE]O@[,CROSSOVER21,CROSSOVER50]",3.7823490378234825,1
"M@[,CROSSOVER-MACD]P@[,HANGINGMAN]",3.8416781686843113,3
"M@[,AROON,CROSSOVER-MACD]P@[,SPINNINGTOP]",4.211943460018743,2
"M@[,ADXR20,APO]P@[,3OUTSIDE]",4.246255533321211,1
"M@[,ADXR20]P@[,ENGULFING,HIKKAKE,SHORTLINE]",4.365307294658239,1
"P@[,BELTHOLD,ENGULFING,EVENINGDOJISTAR,LONGLINE]",4.368358913813462,1
"M@[,ADXR40]P@[,BELTHOLD]",4.369844423303312,2
"M@[,CROSSOVER-MACD,RSI]P@[,3OUTSIDE,LONGLINE]",4.684551644925745,1
"M@[,APO]P@[,MARUBOZU,BELTHOLD,CLOSINGMARUBOZU,3OUTSIDE,LONGLINE]",4.788213627992636,1
"M@[,RSI]P@[,ENGULFING,EVENINGSTAR,EVENINGDOJISTAR]",4.878542510121462,1
"M@[,RSI]P@[,BELTHOLD,3OUTSIDE]",5.180388529139694,1
"P@[,BELTHOLD,EVENINGSTAR,HIKKAKE,LONGLINE]",5.185323848745775,1
"M@[,RSI]P@[,3INSIDE]",5.524001465738382,1
"M@[,ADXR40]P@[,BELTHOLD,COUNTERATTACK,LONGLINE]",5.545774647887334,1
"M@[,AROON,CROSSOVER-MACD]P@[,CLOSINGMARUBOZU,3OUTSIDE,LONGLINE]",6.040471156750226,1
"M@[,CROSSOVER-MACD]P@[,3OUTSIDE]O@[,CROSSOVER50]",6.694267770710824,1
"P@[,SPINNINGTOP,HIKKAKE,HIKKAKEMOD,SHORTLINE]",6.962785114045615,1
"P@[,HARAMI,SPINNINGTOP]O@[,CROSSOVER21]",9.63108778069409,1
